<?xml version="1.0" encoding="UTF-8"?>
<metadata xml:lang="en">
	<idinfo>
		<citation>
			<citeinfo>
				<origin>Daniel Majka, Paul Beier, and Emily Garding, Arizona Missing Linkages/Northern Arizona University</origin>
				<pubdate>March 1, 2007</pubdate>
				<title Sync="TRUE">Tumacac-SantaRitas_LinkageDesign</title>
				<geoform Sync="TRUE">vector digital data</geoform>
				<onlink>http://corridordesign.org/arizona</onlink>
				<ftname Sync="TRUE">Tumacac-SantaRitas_LinkageDesign</ftname>
			</citeinfo>
		</citation>
		<descript>
			<abstract>Linkage Design from Arizona Missing Linkages 2006 report to AZGFD, "Tumacacori-Santa Rita Linkage Design"</abstract>
			<purpose>Data developed to serve as a guide for optimal locations of wildlife corridors/linkages in the study area.</purpose>
			<langdata Sync="TRUE">en</langdata>
		</descript>
		<timeperd>
			<timeinfo>
				<sngdate>
					<caldate>2006</caldate>
				</sngdate>
			</timeinfo>
			<current>publication date</current>
		</timeperd>
		<status>
			<progress>Complete</progress>
			<update>None planned</update>
		</status>
		<spdom>
			<bounding>
				<westbc Sync="TRUE">-111.436288</westbc>
				<eastbc Sync="TRUE">-110.528843</eastbc>
				<northbc Sync="TRUE">31.930471</northbc>
				<southbc Sync="TRUE">31.330898</southbc>
			</bounding>
			<lboundng>
				<leftbc Sync="TRUE">458758.656251</leftbc>
				<rightbc Sync="TRUE">544537.499996</rightbc>
				<topbc Sync="TRUE">3532728.939917</topbc>
				<bottombc Sync="TRUE">3466369.326454</bottombc>
			</lboundng>
		</spdom>
		<keywords>
			<theme>
				<themekey>linkage</themekey>
				<themekey>corridor</themekey>
				<themekey>conservation plan</themekey>
				<themekey>habitat</themekey>
			</theme>
		</keywords>
		<accconst>This is public information.</accconst>
		<useconst>This information is available to assist in identifying general 
areas of concern only. The computerized information provided 
should only be relied upon with corroboration of the methods, 
assumptions, and results by a qualified independent source.

The user assumes full responsibility for the misinterpretation 
or manipulation of the data. The user of this information 
shall indemnify and hold free the Northern Arizona University, 
Arizona Game &amp; Fish, and the State of Arizona from any and all 
liabilities, damages, lawsuits, and causes of action that 
result as a consequence of his/her reliance on information 
provided herein or from any misinterpretation or manipulation 
of the data.</useconst>
		<ptcontac>
			<cntinfo>
				<cntperp>
					<cntper>Paul Beier</cntper>
					<cntorg>Northern Arizona University</cntorg>
				</cntperp>
				<cntpos>Professor of Conservation Biology &amp; Wildlife Ecology</cntpos>
				<cntaddr>
					<addrtype>mailing address</addrtype>
					<address>110 E Pine Knoll Drive, Building 82</address>
					<city>Flagstaff</city>
					<state>AZ</state>
					<postal>86001</postal>
				</cntaddr>
				<cntvoice>(00)1.928.523.9341</cntvoice>
				<cntemail>Paul.Beier@nau.edu</cntemail>
			</cntinfo>
		</ptcontac>
		<native Sync="TRUE">Microsoft Windows XP Version 5.1 (Build 2600) Service Pack 2; ESRI ArcCatalog 9.1.0.780</native>
		<natvform Sync="TRUE">Shapefile</natvform>
	</idinfo>
	<dataqual>
		<lineage>
			<procstep>
				<procdesc>Dataset created from union of biologically best corridors. See report submitted to AZGFD for more information.</procdesc>
				<date Sync="TRUE">20060908</date>
				<time Sync="TRUE">13465500</time>
			</procstep>
			<procstep>
				<procdesc Sync="TRUE">Dataset copied.</procdesc>
				<srcused Sync="TRUE">C:\GIS\AZlinkages\linkages\zone36\output\ulcc\36_final_union</srcused>
				<date Sync="TRUE">20070215</date>
				<time Sync="TRUE">16054300</time>
			</procstep>
			<procstep><procdesc Sync="TRUE">Metadata imported.</procdesc><srcused Sync="TRUE">c:\temp\xml1E0.tmp</srcused><date Sync="TRUE">20070216</date><time Sync="TRUE">08100500</time></procstep></lineage>
	</dataqual>
	<spdoinfo>
		<direct Sync="TRUE">Vector</direct>
		<ptvctinf>
			<sdtsterm Name="Tumacac-SantaRitas_LinkageDesign">
				<sdtstype Sync="TRUE">G-polygon</sdtstype>
				<ptvctcnt Sync="TRUE">1</ptvctcnt>
			</sdtsterm>
			<esriterm Name="Tumacac-SantaRitas_LinkageDesign">
				<efeatyp Sync="TRUE">Simple</efeatyp>
				<esritopo Sync="TRUE">FALSE</esritopo>
				<linrefer Sync="TRUE">FALSE</linrefer>
				<spindex Sync="TRUE">FALSE</spindex>
				<efeageom Sync="TRUE">Polygon</efeageom>
				<efeacnt Sync="TRUE">1</efeacnt>
			</esriterm>
		</ptvctinf>
	</spdoinfo>
	<spref>
		<horizsys>
			<planar>
				<planci>
					<plance Sync="TRUE">coordinate pair</plance>
					<coordrep>
						<absres Sync="TRUE">0.000128</absres>
						<ordres Sync="TRUE">0.000128</ordres>
					</coordrep>
					<plandu Sync="TRUE">meters</plandu>
				</planci>
				<gridsys><gridsysn Sync="TRUE">Universal Transverse Mercator</gridsysn><utm><utmzone Sync="TRUE">12</utmzone><transmer><sfctrmer Sync="TRUE">0.999600</sfctrmer><longcm Sync="TRUE">-111.000000</longcm><latprjo Sync="TRUE">0.000000</latprjo><feast Sync="TRUE">500000.000000</feast><fnorth Sync="TRUE">0.000000</fnorth></transmer></utm></gridsys></planar>
			<geodetic>
				<horizdn Sync="TRUE">North American Datum of 1983</horizdn>
				<ellips Sync="TRUE">Geodetic Reference System 80</ellips>
				<semiaxis Sync="TRUE">6378137.000000</semiaxis>
				<denflat Sync="TRUE">298.257222</denflat>
			</geodetic>
			<cordsysn>
				<geogcsn Sync="TRUE">GCS_North_American_1983</geogcsn>
				<projcsn Sync="TRUE">NAD_1983_UTM_Zone_12N</projcsn>
			</cordsysn>
		</horizsys>
	</spref>
	<eainfo>
		<detailed Name="Tumacac-SantaRitas_LinkageDesign">
			<enttyp>
				<enttypl Sync="TRUE">Tumacac-SantaRitas_LinkageDesign</enttypl>
				<enttypc Sync="TRUE">1</enttypc>
				<enttypt Sync="TRUE">Feature Class</enttypt>
			</enttyp>
			<attr>
				<attrlabl Sync="TRUE">FID</attrlabl>
				<attrdef Sync="TRUE">Internal feature number.</attrdef>
				<attrdefs Sync="TRUE">ESRI</attrdefs>
				<attrdomv>
					<udom Sync="TRUE">Sequential unique whole numbers that are automatically generated.</udom>
				</attrdomv>
				<atprecis Sync="TRUE">0</atprecis>
				<attalias Sync="TRUE">FID</attalias>
				<attrtype Sync="TRUE">OID</attrtype>
				<attscale Sync="TRUE">0</attscale>
				<attwidth Sync="TRUE">4</attwidth>
			</attr>
			<attr>
				<attrlabl Sync="TRUE">Shape</attrlabl>
				<attrdef Sync="TRUE">Feature geometry.</attrdef>
				<attrdefs Sync="TRUE">ESRI</attrdefs>
				<attrdomv>
					<udom Sync="TRUE">Coordinates defining the features.</udom>
				</attrdomv>
				<atprecis Sync="TRUE">0</atprecis>
				<attalias Sync="TRUE">Shape</attalias>
				<attrtype Sync="TRUE">Geometry</attrtype>
				<attscale Sync="TRUE">0</attscale>
				<attwidth Sync="TRUE">0</attwidth>
			</attr>
			<attr>
				<attrlabl Sync="TRUE">Id</attrlabl>
				<attalias Sync="TRUE">Id</attalias>
				<attrtype Sync="TRUE">Number</attrtype>
				<attwidth Sync="TRUE">6</attwidth>
			</attr>
		</detailed>
	</eainfo>
	<distinfo>
		<resdesc Sync="TRUE">Downloadable Data</resdesc>
		<stdorder>
			<digform>
				<digtinfo>
					<transize Sync="TRUE">0.923</transize>
					<dssize Sync="TRUE">0.923</dssize>
				</digtinfo>
			</digform>
		</stdorder>
	</distinfo>
	<metainfo>
		<metd Sync="TRUE">20070529</metd>
		<metc>
			<cntinfo>
				<cntorgp>
					<cntorg>REQUIRED: The organization responsible for the metadata information.</cntorg>
					<cntper>REQUIRED: The person responsible for the metadata information.</cntper>
				</cntorgp>
				<cntaddr>
					<addrtype>REQUIRED: The mailing and/or physical address for the organization or individual.</addrtype>
					<city>REQUIRED: The city of the address.</city>
					<state>REQUIRED: The state or province of the address.</state>
					<postal>REQUIRED: The ZIP or other postal code of the address.</postal>
				</cntaddr>
				<cntvoice>REQUIRED: The telephone number by which individuals can speak to the organization or individual.</cntvoice>
			</cntinfo>
		</metc>
		<metstdn Sync="TRUE">FGDC Content Standards for Digital Geospatial Metadata</metstdn>
		<metstdv Sync="TRUE">FGDC-STD-001-1998</metstdv>
		<mettc Sync="TRUE">local time</mettc>
		<langmeta Sync="TRUE">en</langmeta>
		<metextns><onlink Sync="TRUE">http://www.esri.com/metadata/esriprof80.html</onlink><metprof Sync="TRUE">ESRI Metadata Profile</metprof></metextns></metainfo>
	<dataIdInfo>
		<envirDesc Sync="TRUE">Microsoft Windows XP Version 5.1 (Build 2600) Service Pack 2; ESRI ArcCatalog 9.1.0.780</envirDesc>
		<dataLang>
			<languageCode Sync="TRUE" value="en"></languageCode>
		</dataLang>
		<geoBox esriExtentType="decdegrees">
			<westBL Sync="TRUE">-111.436288</westBL>
			<eastBL Sync="TRUE">-110.528843</eastBL>
			<northBL Sync="TRUE">31.930471</northBL>
			<southBL Sync="TRUE">31.330898</southBL>
			<exTypeCode Sync="TRUE">1</exTypeCode>
		</geoBox>
		<idCitation>
			<resTitle Sync="TRUE">Tumacac-SantaRitas_LinkageDesign</resTitle>
			<presForm>
				<PresFormCd Sync="TRUE" value="005"></PresFormCd>
			</presForm>
		</idCitation>
		<spatRpType>
			<SpatRepTypCd Sync="TRUE" value="001"></SpatRepTypCd>
		</spatRpType>
		<dataExt>
			<geoEle>
				<GeoBndBox esriExtentType="native">
					<westBL Sync="TRUE">458758.656251</westBL>
					<northBL Sync="TRUE">3532728.939917</northBL>
					<southBL Sync="TRUE">3466369.326454</southBL>
					<eastBL Sync="TRUE">544537.499996</eastBL>
					<exTypeCode Sync="TRUE">1</exTypeCode>
				</GeoBndBox>
			</geoEle>
		</dataExt>
	</dataIdInfo>
	<distInfo>
		<distributor>
			<distorTran>
				<onLineSrc>
					<orDesc Sync="TRUE">002</orDesc>
					<protocol Sync="TRUE">Local Area Network</protocol>
					<linkage Sync="TRUE">file://\\FOR21\C$\GIS\AZlinkages\linkages\misc\LinkageDesign_shapefiles\Tumacac-SantaRitas_LinkageDesign.shp</linkage>
				</onLineSrc>
				<transSize Sync="TRUE">0.923</transSize>
			</distorTran>
			<distorFormat>
				<formatName Sync="TRUE">Shapefile</formatName>
			</distorFormat>
		</distributor>
	</distInfo>
	<Esri>
		<CreaDate>20070216</CreaDate>
		<ModDate>20070529</ModDate>
		<ModTime>14332900</ModTime>
		<SyncDate>20070529</SyncDate>
		<SyncOnce>FALSE</SyncOnce>
		<SyncTime>14331600</SyncTime>
		<CreaTime>08100500</CreaTime>
		<DataProperties>
			<lineage>
				<Process ToolSource="C:\Program Files\ArcGIS\ArcToolbox\Toolboxes\Conversion Tools.tbx\RasterToPolygon" Date="20060907" Time="161333">RasterToPolygon C:\GIS\AZlinkages\linkages\zone36\output\elk\elk_06r C:\GIS\AZlinkages\linkages\zone36\output\elk\elk_06r.shp NO_SIMPLIFY Value</Process>
				<Process ToolSource="C:\Program Files\ArcGIS\ArcToolbox\Toolboxes\Cartography Tools.tbx\FeatureOutlineMasks" Date="20060907" Time="161439">FeatureOutlineMasks C:\GIS\AZlinkages\linkages\zone36\output\elk\elk_06r.lyr C:\GIS\AZlinkages\linkages\zone36\output\elk\elk_06r_buffered.shp 175000 "PROJCS['NAD_1983_UTM_Zone_12N',GEOGCS['GCS_North_American_1983',DATUM['D_North_American_1983',SPHEROID['GRS_1980',6378137.0,298.257222101]],PRIMEM['Greenwich',0.0],UNIT['Degree',0.0174532925199433]],PROJECTION['Transverse_Mercator'],PARAMETER['False_Easting',500000.0],PARAMETER['False_Northing',0.0],PARAMETER['Central_Meridian',-111.0],PARAMETER['Scale_Factor',0.9996],PARAMETER['Latitude_Of_Origin',0.0],UNIT['Meter',1.0]];389915.273110812 3840608.19087775 71184.1568880933;0 100000;0 100000" "100 Meters" CONVEX_HULL ALL_FEATURES ONLY_FID</Process>
				<Process ToolSource="C:\Program Files\ArcGIS\ArcToolbox\Toolboxes\Data Management Tools.tbx\Dissolve" Date="20060907" Time="161440">Dissolve C:\GIS\AZlinkages\linkages\zone36\output\elk\elk_06r_buffered.shp C:\GIS\AZlinkages\linkages\zone36\output\elk\elk_06r_buffered_d.shp # # MULTI_PART</Process>
				<Process ToolSource="C:\Program Files\ArcGIS\ArcToolbox\Toolboxes\Analysis Tools.tbx\Union" Date="20060908" Time="143041">Union "C:\GIS\AZlinkages\linkages\zone36\output\TO_UNION\blackbear_06r_buffered_d.shp '';C:\GIS\AZlinkages\linkages\zone36\output\TO_UNION\elk_06r_100_buffered_d.shp '';C:\GIS\AZlinkages\linkages\zone36\output\TO_UNION\javelina_02r_100_buffered_d.shp '';C:\GIS\AZlinkages\linkages\zone36\output\TO_UNION\muledeer_02r_200_buffered_d.shp '';C:\GIS\AZlinkages\linkages\zone36\output\TO_UNION\rip_buf200.shp ''" C:\GIS\AZlinkages\linkages\zone36\output\ulcc\36_union.shp ALL # GAPS</Process>
				<Process ToolSource="C:\Program Files\ArcGIS\ArcToolbox\Toolboxes\Data Management Tools.tbx\Dissolve" Date="20060908" Time="143042">Dissolve C:\GIS\AZlinkages\linkages\zone36\output\ulcc\36_union.shp C:\GIS\AZlinkages\linkages\zone36\output\ulcc\36_dissolve_union.shp # # MULTI_PART</Process>
				<Process Name="DefineProjection_6" ToolSource="C:\Program Files\ArcGIS\ArcToolbox\Toolboxes\Data Management Tools.tbx\DefineProjection" Date="20070330" Time="153735">DefineProjection C:\GIS\AZlinkages\linkages\LinkageDesign_shapefiles\Tumacac-SantaRitas_LinkageDesign.shp PROJCS['NAD_1983_UTM_Zone_12N',GEOGCS['GCS_North_American_1983',DATUM['D_North_American_1983',SPHEROID['GRS_1980',6378137.0,298.257222101]],PRIMEM['Greenwich',0.0],UNIT['Degree',0.0174532925199433]],PROJECTION['Transverse_Mercator'],PARAMETER['False_Easting',500000.0],PARAMETER['False_Northing',0.0],PARAMETER['Central_Meridian',-111.0],PARAMETER['Scale_Factor',0.9996],PARAMETER['Latitude_Of_Origin',0.0],UNIT['Meter',1.0]] C:\GIS\AZlinkages\linkages\LinkageDesign_shapefiles\Tumacac-SantaRitas_LinkageDesign.shp</Process></lineage>
		</DataProperties>
		<MetaID>{F75B1B47-515F-4F98-9E06-34713273ED02}</MetaID></Esri>
	<mdChar>
		<CharSetCd Sync="TRUE" value="004"></CharSetCd>
	</mdChar>
	<mdDateSt Sync="TRUE">20070529</mdDateSt>
	<mdHrLv>
		<ScopeCd Sync="TRUE" value="005"></ScopeCd>
	</mdHrLv>
	<mdHrLvName Sync="TRUE">dataset</mdHrLvName>
	<mdLang>
		<languageCode Sync="TRUE" value="en"></languageCode>
	</mdLang>
	<mdStanName Sync="TRUE">ISO 19115 Geographic Information - Metadata</mdStanName>
	<mdStanVer Sync="TRUE">DIS_ESRI1.0</mdStanVer>
	<refSysInfo>
		<RefSystem>
			<refSysID>
				<identCode Sync="TRUE">NAD_1983_UTM_Zone_12N</identCode>
			</refSysID>
		</RefSystem>
	</refSysInfo>
	<spatRepInfo>
		<VectSpatRep>
			<topLvl>
				<TopoLevCd Sync="TRUE" value="001"></TopoLevCd>
			</topLvl>
			<geometObjs Name="Tumacac-SantaRitas_LinkageDesign"><geoObjTyp><GeoObjTypCd Sync="TRUE" value="001"></GeoObjTypCd></geoObjTyp><geoObjCnt Sync="TRUE">1</geoObjCnt></geometObjs></VectSpatRep>
	</spatRepInfo>
</metadata>
