<?xml version="1.0" encoding="ISO-8859-1"?>
<metadata>
	<idinfo>
		<citation>
			<citeinfo>
				<origin>Daniel Majka, Paul Beier, and Emily Garding, Arizona Missing Linkages/Northern Arizona University</origin>
				<pubdate>March 1, 2007</pubdate>
				<title Sync="TRUE">19_MountPerkins-WarmSprings_LinkageDesign</title>
				<geoform Sync="TRUE">vector digital data</geoform>
				<onlink>http://corridordesign.org/arizona</onlink>
				<ftname Sync="TRUE">19_MountPerkins-WarmSprings_LinkageDesign</ftname></citeinfo>
		</citation>
		<descript>
			<abstract>Linkage Design from Arizona Missing Linkages 2007 report to AZGFD, "Mt Perkins - Warm Springs Linkage"</abstract>
			<purpose>Data developed to serve as a guide for optimal locations of wildlife corridors/linkages in the study area.</purpose>
			<langdata Sync="TRUE">en</langdata></descript>
		<timeperd>
			<timeinfo>
				<sngdate>
					<caldate>2007</caldate>
				</sngdate>
			</timeinfo>
			<current>publication date</current>
		</timeperd>
		<status>
			<progress>Complete</progress>
			<update>None planned</update>
		</status>
		<spdom>
			<bounding>
				<westbc Sync="TRUE">-114.538187</westbc>
				<eastbc Sync="TRUE">-114.329728</eastbc>
				<northbc Sync="TRUE">35.293610</northbc>
				<southbc Sync="TRUE">35.094812</southbc>
			</bounding>
			<lboundng><leftbc Sync="TRUE">178200.999955</leftbc><rightbc Sync="TRUE">196470.393767</rightbc><bottombc Sync="TRUE">3889260.713883</bottombc><topbc Sync="TRUE">3910715.315722</topbc></lboundng></spdom>
		<keywords>
			<theme>
				<themekey>linkage</themekey>
				<themekey>corridor</themekey>
				<themekey>conservation plan</themekey>
				<themekey>habitat</themekey>
				<themekt>REQUIRED: Reference to a formally registered thesaurus or a similar authoritative source of theme keywords.</themekt></theme>
		</keywords>
		<accconst>This is public information.</accconst>
		<useconst>
This information is available to assist in identifying general 
areas of concern only. The computerized information provided 
should only be relied upon with corroboration of the methods, 
assumptions, and results by a qualified independent source.

The user assumes full responsibility for the misinterpretation 
or manipulation of the data. The user of this information 
shall indemnify and hold free the Northern Arizona University, 
Arizona Game &amp; Fish, and the State of Arizona from any and all 
liabilities, damages, lawsuits, and causes of action that 
result as a consequence of his/her reliance on information 
provided herein or from any misinterpretation or manipulation 
of the data.
</useconst>
		<ptcontac>
			<cntinfo>
				<cntperp>
					<cntper>Paul Beier</cntper>
					<cntorg>Northern Arizona University</cntorg>
				</cntperp>
				<cntpos>Professor of Conservation Biology &amp; Wildlife Ecology</cntpos>
				<cntaddr>
					<addrtype>mailing address</addrtype>
					<address>110 E Pine Knoll Drive, Building 82</address>
					<city>Flagstaff</city>
					<state>AZ</state>
					<postal>86001</postal>
				</cntaddr>
				<cntvoice>(00)1.928.523.9341</cntvoice>
				<cntemail>Paul.Beier@nau.edu</cntemail>
			</cntinfo>
		</ptcontac>
		<native Sync="TRUE">Microsoft Windows XP Version 5.1 (Build 2600) Service Pack 2; ESRI ArcCatalog 9.2.5.1450</native>
		<natvform Sync="TRUE">Shapefile</natvform></idinfo>
	<dataqual>
		<lineage>
			<procstep>
				<procdesc>Dataset created from union of biologically best corridors. See report submitted to AZGFD for more information.</procdesc>
			</procstep>
			<procstep>
				<procdesc>Dataset copied.</procdesc>
				<srcused>C:\GIS\AZlinkages\linkages\zone36\output\ulcc\36_final_union</srcused>
			</procstep>
			<procstep>
				<procdesc>Metadata imported.</procdesc>
				<srcused>C:\GIS\AZlinkages\linkages\LinkageDesign_shapefiles\BlackHills-Munds-VerdeRiver_LinkageDesign.shp.xml</srcused>
			</procstep>
			<procstep><procdesc Sync="TRUE">Metadata imported.</procdesc><srcused Sync="TRUE">c:\temp\xml2F.tmp</srcused><date Sync="TRUE">20080116</date><time Sync="TRUE">13112100</time></procstep><procstep><procdesc Sync="TRUE">Dataset copied.</procdesc><srcused Sync="TRUE">Z:\Load\Linkages\2006-2007\zone19\19_MountPerkins-WarmSprings_LinkageDesign</srcused><date Sync="TRUE">20080407</date><time Sync="TRUE">14121100</time></procstep><procstep><procdesc Sync="TRUE">Metadata imported.</procdesc><srcused Sync="TRUE">Z:\Store\Linkages\2006-2007\19_MountPerkins-WarmSprings_LinkageDesign.shp.xml</srcused><date Sync="TRUE">20080715</date><time Sync="TRUE">17211800</time></procstep><procstep><procdesc Sync="TRUE">Dataset copied.</procdesc><srcused Sync="TRUE">Z:\Store\Linkages\2006-2007\NEW_July08\zone19\19_MountPerkins-WarmSprings_LinkageDesign</srcused><date Sync="TRUE">20080715</date><time Sync="TRUE">17215400</time></procstep></lineage>
	</dataqual>
	<spdoinfo>
		<direct Sync="TRUE">Vector</direct>
		<ptvctinf>
			<sdtsterm Name="19_MountPerkins-WarmSprings_LinkageDesign">
				<sdtstype Sync="TRUE">G-polygon</sdtstype>
				<ptvctcnt Sync="TRUE">3</ptvctcnt>
			</sdtsterm>
			<esriterm Name="19_MountPerkins-WarmSprings_LinkageDesign"><efeatyp Sync="TRUE">Simple</efeatyp><efeageom Sync="TRUE">Polygon</efeageom><esritopo Sync="TRUE">FALSE</esritopo><efeacnt Sync="TRUE">3</efeacnt><spindex Sync="TRUE">TRUE</spindex><linrefer Sync="TRUE">FALSE</linrefer></esriterm></ptvctinf>
	</spdoinfo>
	<spref>
		<horizsys>
			<planar>
				<planci>
					<plance Sync="TRUE">coordinate pair</plance>
					<coordrep>
						<absres Sync="TRUE">0.000000</absres>
						<ordres Sync="TRUE">0.000000</ordres>
					</coordrep>
					<plandu Sync="TRUE">meters</plandu>
				</planci>
				<gridsys><gridsysn Sync="TRUE">Universal Transverse Mercator</gridsysn><utm><utmzone Sync="TRUE">12</utmzone><transmer><sfctrmer Sync="TRUE">0.999600</sfctrmer><longcm Sync="TRUE">-111.000000</longcm><latprjo Sync="TRUE">0.000000</latprjo><feast Sync="TRUE">500000.000000</feast><fnorth Sync="TRUE">0.000000</fnorth></transmer></utm></gridsys></planar>
			<geodetic>
				<horizdn Sync="TRUE">North American Datum of 1983</horizdn>
				<ellips Sync="TRUE">Geodetic Reference System 80</ellips>
				<semiaxis Sync="TRUE">6378137.000000</semiaxis>
				<denflat Sync="TRUE">298.257222</denflat>
			</geodetic>
			<cordsysn><geogcsn Sync="TRUE">GCS_North_American_1983</geogcsn><projcsn Sync="TRUE">NAD_1983_UTM_Zone_12N</projcsn></cordsysn></horizsys>
	</spref>
	<eainfo>
		<detailed Name="19_MountPerkins-WarmSprings_LinkageDesign">
			<enttyp>
				<enttypl Sync="TRUE">19_MountPerkins-WarmSprings_LinkageDesign</enttypl>
				<enttypt Sync="TRUE">Feature Class</enttypt><enttypc Sync="TRUE">3</enttypc></enttyp>
			<attr>
				<attrlabl>FID</attrlabl>
				<attrdef>Internal feature number.</attrdef>
				<attrdefs>ESRI</attrdefs>
				<attrdomv>
					<udom>Sequential unique whole numbers that are automatically generated.</udom>
				</attrdomv>
			</attr>
			<attr>
				<attrlabl>Shape</attrlabl>
				<attrdef>Feature geometry.</attrdef>
				<attrdefs>ESRI</attrdefs>
				<attrdomv>
					<udom>Coordinates defining the features.</udom>
				</attrdomv>
			</attr>
			<attr>
				<attrlabl>Id</attrlabl>
				<attrtype Sync="TRUE">Number</attrtype><attwidth Sync="TRUE">6</attwidth></attr>
		</detailed>
	</eainfo>
	<distinfo>
		<resdesc>Downloadable Data</resdesc>
		<stdorder>
			<digform>
				<digtinfo>
					<transize>0.025</transize>
					<dssize Sync="TRUE">0.377</dssize></digtinfo>
			</digform>
		</stdorder>
	</distinfo>
	<metainfo>
		<metd Sync="TRUE">20080715</metd>
		<metc>
			<cntinfo>
				<cntorgp>
					<cntorg>REQUIRED: The organization responsible for the metadata information.</cntorg>
					<cntper>REQUIRED: The person responsible for the metadata information.</cntper>
				</cntorgp>
				<cntaddr>
					<addrtype>REQUIRED: The mailing and/or physical address for the organization or individual.</addrtype>
					<city>REQUIRED: The city of the address.</city>
					<state>REQUIRED: The state or province of the address.</state>
					<postal>REQUIRED: The ZIP or other postal code of the address.</postal>
				</cntaddr>
				<cntvoice>REQUIRED: The telephone number by which individuals can speak to the organization or individual.</cntvoice>
			</cntinfo>
		</metc>
		<metstdn Sync="TRUE">FGDC Content Standards for Digital Geospatial Metadata</metstdn>
		<metstdv Sync="TRUE">FGDC-STD-001-1998</metstdv>
		<mettc Sync="TRUE">local time</mettc>
		<metextns>
			<onlink>http://www.esri.com/metadata/esriprof80.html</onlink>
			<metprof>ESRI Metadata Profile</metprof>
		</metextns>
		<langmeta Sync="TRUE">en</langmeta><metextns><onlink Sync="TRUE">http://www.esri.com/metadata/esriprof80.html</onlink><metprof Sync="TRUE">ESRI Metadata Profile</metprof></metextns></metainfo>
	<Esri><CreaDate>20080715</CreaDate><CreaTime>17215400</CreaTime><SyncOnce>FALSE</SyncOnce><SyncDate>20080715</SyncDate><SyncTime>17214700</SyncTime><ModDate>20080715</ModDate><ModTime>17214700</ModTime><MetaID>{D05E9D64-26DE-4795-9338-1B72BC86826D}</MetaID></Esri><dataIdInfo><envirDesc Sync="TRUE">Microsoft Windows XP Version 5.1 (Build 2600) Service Pack 2; ESRI ArcCatalog 9.2.5.1450</envirDesc><dataLang><languageCode Sync="TRUE" value="en"></languageCode></dataLang><idCitation><resTitle Sync="TRUE">19_MountPerkins-WarmSprings_LinkageDesign</resTitle><presForm><PresFormCd Sync="TRUE" value="005"></PresFormCd></presForm></idCitation><spatRpType><SpatRepTypCd Sync="TRUE" value="001"></SpatRepTypCd></spatRpType><dataExt><geoEle><GeoBndBox esriExtentType="native"><westBL Sync="TRUE">178200.999955</westBL><eastBL Sync="TRUE">196470.393767</eastBL><northBL Sync="TRUE">3910715.315722</northBL><southBL Sync="TRUE">3889260.713883</southBL><exTypeCode Sync="TRUE">1</exTypeCode></GeoBndBox></geoEle></dataExt><geoBox esriExtentType="decdegrees"><westBL Sync="TRUE">-114.538187</westBL><eastBL Sync="TRUE">-114.329728</eastBL><northBL Sync="TRUE">35.29361</northBL><southBL Sync="TRUE">35.094812</southBL><exTypeCode Sync="TRUE">1</exTypeCode></geoBox></dataIdInfo><mdLang><languageCode Sync="TRUE" value="en"></languageCode></mdLang><mdStanName Sync="TRUE">ISO 19115 Geographic Information - Metadata</mdStanName><mdStanVer Sync="TRUE">DIS_ESRI1.0</mdStanVer><mdChar><CharSetCd Sync="TRUE" value="004"></CharSetCd></mdChar><mdHrLv><ScopeCd Sync="TRUE" value="005"></ScopeCd></mdHrLv><mdHrLvName Sync="TRUE">dataset</mdHrLvName><distInfo><distributor><distorTran><onLineSrc><orDesc Sync="TRUE">002</orDesc><linkage Sync="TRUE">file://\\AZTUCGIS\Working\Store\Linkages\2006-2007\19_MountPerkins-WarmSprings_LinkageDesign</linkage><protocol Sync="TRUE">Local Area Network</protocol></onLineSrc><transSize Sync="TRUE">0.377</transSize></distorTran><distorFormat><formatName Sync="TRUE">Shapefile</formatName></distorFormat></distributor></distInfo><refSysInfo><RefSystem><refSysID><identCode Sync="TRUE">NAD_1983_UTM_Zone_12N</identCode></refSysID></RefSystem></refSysInfo><spatRepInfo><VectSpatRep><topLvl><TopoLevCd Sync="TRUE" value="001"></TopoLevCd></topLvl><geometObjs Name="19_MountPerkins-WarmSprings_LinkageDesign"><geoObjTyp><GeoObjTypCd Sync="TRUE" value="001"></GeoObjTypCd></geoObjTyp><geoObjCnt Sync="TRUE">3</geoObjCnt></geometObjs></VectSpatRep></spatRepInfo><mdDateSt Sync="TRUE">20080715</mdDateSt></metadata>
